,ll,Bluewidth,Redwidth,Maxratio,fmin,fmin_sp,Blueratio,Redratio,Fullratio,Element,ionisation,Teff,logg,FeH,Resolution,min_snr_res,min_snr_AA
218,4220.0,4219.7,4220.4,0.898,0.773,0.753,0.898,0.886,0.89,Fe,1,5750.0,4.5,0.0,20000,19,43
219,4220.3,4220.0,4220.7,0.886,0.664,0.629,0.886,0.731,0.82,Fe,1,5750.0,4.5,0.0,20000,13,29
257,4278.2,4277.9,4278.6,0.805,0.741,0.647,0.547,0.805,0.669,Fe,1,5750.0,4.5,0.0,20000,17,37
258,4282.4,4282.1,4282.7,0.835,0.426,0.41,0.835,0.664,0.74,Fe,1,5750.0,4.5,0.0,20000,7,16
268,4315.1,4314.8,4315.4,0.855,0.474,0.341,0.426,0.855,0.57,Fe,1,5750.0,4.5,0.0,20000,8,18
0,5162.3,5161.9,5162.7,0.841,0.546,0.516,0.841,0.764,0.8,Fe,1,5750.0,4.5,0.0,20000,9,19
2,5166.3,5165.9,5166.7,0.627,0.615,0.528,0.627,0.573,0.599,Fe,1,5750.0,4.5,0.0,20000,11,22
3,5167.5,5167.1,5167.9,0.789,0.306,0.214,0.542,0.789,0.646,Fe,1,5750.0,4.5,0.0,20000,6,12
255,5169.0,5168.6,5169.4,0.861,0.404,0.311,0.562,0.861,0.68,Fe,2,5750.0,4.5,0.0,20000,7,14
4,5171.6,5171.2,5172.0,0.732,0.419,0.37,0.732,0.592,0.654,Fe,1,5750.0,4.5,0.0,20000,7,15
5,5178.8,5178.6,5179.0,0.6,0.906,0.873,0.6,0.578,0.589,Fe,1,5750.0,4.5,0.0,20000,47,94
6,5180.1,5179.8,5180.3,0.709,0.82,0.781,0.709,0.648,0.677,Fe,1,5750.0,4.5,0.0,20000,24,49
7,5187.9,5187.7,5188.2,0.759,0.812,0.768,0.65,0.759,0.701,Fe,1,5750.0,4.5,0.0,20000,23,46
8,5191.5,5191.1,5191.8,0.968,0.431,0.42,0.968,0.922,0.944,Fe,1,5750.0,4.5,0.0,20000,7,15
9,5192.3,5192.0,5192.7,0.858,0.395,0.376,0.858,0.858,0.858,Fe,1,5750.0,4.5,0.0,20000,7,14
10,5194.9,5194.6,5195.3,0.967,0.508,0.504,0.949,0.967,0.959,Fe,1,5750.0,4.5,0.0,20000,9,17
11,5195.5,5195.1,5195.9,0.963,0.555,0.548,0.957,0.963,0.96,Fe,1,5750.0,4.5,0.0,20000,10,19
12,5196.1,5195.7,5196.4,0.916,0.646,0.633,0.916,0.687,0.797,Fe,1,5750.0,4.5,0.0,20000,12,24
256,5197.6,5197.3,5197.9,0.864,0.687,0.679,0.864,0.788,0.824,Fe,2,5750.0,4.5,0.0,20000,14,28
13,5197.9,5197.5,5198.2,0.902,0.858,0.85,0.329,0.902,0.455,Fe,1,5750.0,4.5,0.0,20000,31,62
14,5198.7,5198.4,5199.0,0.965,0.632,0.624,0.866,0.965,0.914,Fe,1,5750.0,4.5,0.0,20000,12,23
15,5202.3,5201.9,5202.7,0.986,0.468,0.467,0.986,0.965,0.977,Fe,1,5750.0,4.5,0.0,20000,8,16
17,5208.6,5208.2,5209.0,0.709,0.549,0.39,0.307,0.709,0.429,Fe,1,5750.0,4.5,0.0,20000,9,19
18,5215.2,5214.8,5215.6,0.939,0.546,0.52,0.939,0.87,0.903,Fe,1,5750.0,4.5,0.0,20000,9,19
19,5216.3,5215.9,5216.7,0.899,0.532,0.512,0.899,0.812,0.853,Fe,1,5750.0,4.5,0.0,20000,9,18
20,5217.4,5217.0,5217.8,0.987,0.582,0.581,0.961,0.987,0.975,Fe,1,5750.0,4.5,0.0,20000,10,21
21,5217.9,5217.5,5218.2,0.972,0.772,0.76,0.972,0.528,0.739,Fe,1,5750.0,4.5,0.0,20000,19,38
22,5221.0,5220.8,5221.4,0.918,0.87,0.846,0.606,0.918,0.761,Fe,1,5750.0,4.5,0.0,20000,34,67
23,5221.4,5221.0,5221.6,0.92,0.941,0.937,0.92,0.59,0.809,Fe,1,5750.0,4.5,0.0,20000,76,149
24,5222.4,5222.2,5222.6,0.866,0.914,0.896,0.866,0.543,0.667,Fe,1,5750.0,4.5,0.0,20000,52,102
25,5223.2,5222.9,5223.4,0.959,0.795,0.792,0.851,0.959,0.902,Fe,1,5750.0,4.5,0.0,20000,21,42
26,5225.5,5225.2,5225.9,0.944,0.711,0.708,0.944,0.729,0.819,Fe,1,5750.0,4.5,0.0,20000,15,30
27,5226.9,5226.5,5227.3,0.993,0.377,0.374,0.692,0.993,0.871,Fe,1,5750.0,4.5,0.0,20000,7,14
28,5227.2,5226.8,5227.6,0.991,0.294,0.29,0.991,0.988,0.99,Fe,1,5750.0,4.5,0.0,20000,6,12
29,5228.4,5228.0,5228.7,0.975,0.773,0.77,0.95,0.975,0.961,Fe,1,5750.0,4.5,0.0,20000,19,38
30,5229.8,5229.5,5230.2,0.994,0.506,0.506,0.994,0.833,0.903,Fe,1,5750.0,4.5,0.0,20000,9,17
31,5232.9,5232.5,5233.3,0.999,0.318,0.318,0.983,0.999,0.991,Fe,1,5750.0,4.5,0.0,20000,6,12
257,5234.6,5234.3,5234.9,0.943,0.681,0.674,0.919,0.943,0.931,Fe,2,5750.0,4.5,0.0,20000,14,27
32,5235.4,5235.1,5235.7,0.618,0.718,0.633,0.618,0.577,0.597,Fe,1,5750.0,4.5,0.0,20000,15,31
33,5236.2,5236.0,5236.5,0.95,0.831,0.823,0.95,0.93,0.939,Fe,1,5750.0,4.5,0.0,20000,26,52
34,5241.9,5241.7,5242.1,0.976,0.883,0.882,0.967,0.976,0.972,Fe,1,5750.0,4.5,0.0,20000,38,75
35,5242.5,5242.1,5242.8,0.991,0.672,0.67,0.981,0.991,0.986,Fe,1,5750.0,4.5,0.0,20000,13,26
36,5243.8,5243.5,5244.0,0.953,0.764,0.756,0.836,0.953,0.89,Fe,1,5750.0,4.5,0.0,20000,19,37
38,5247.0,5246.8,5247.3,0.815,0.736,0.73,0.815,0.802,0.808,Fe,1,5750.0,4.5,0.0,20000,17,33
39,5249.1,5248.9,5249.3,0.949,0.86,0.856,0.949,0.846,0.894,Fe,1,5750.0,4.5,0.0,20000,32,62
40,5250.2,5250.0,5250.6,0.995,0.737,0.736,0.973,0.995,0.988,Fe,1,5750.0,4.5,0.0,20000,17,33
41,5250.6,5250.3,5251.0,0.994,0.637,0.634,0.994,0.92,0.963,Fe,1,5750.0,4.5,0.0,20000,12,24
42,5253.0,5252.8,5253.4,0.976,0.912,0.908,0.902,0.976,0.961,Fe,1,5750.0,4.5,0.0,20000,51,99
43,5253.5,5253.1,5253.8,0.981,0.689,0.686,0.981,0.936,0.961,Fe,1,5750.0,4.5,0.0,20000,14,28
44,5255.0,5254.7,5255.2,0.63,0.713,0.589,0.63,0.436,0.515,Fe,1,5750.0,4.5,0.0,20000,15,30
45,5255.7,5255.4,5256.0,0.815,0.729,0.7,0.612,0.815,0.726,Fe,1,5750.0,4.5,0.0,20000,16,32
258,5256.9,5256.8,5257.1,0.845,0.93,0.917,0.845,0.803,0.823,Fe,2,5750.0,4.5,0.0,20000,64,125
46,5257.7,5257.5,5257.8,0.695,0.936,0.9,0.561,0.695,0.62,Fe,1,5750.0,4.5,0.0,20000,70,137
48,5262.9,5262.5,5263.3,0.982,0.85,0.844,0.864,0.982,0.947,Fe,1,5750.0,4.5,0.0,20000,29,58
49,5263.3,5262.9,5263.7,0.983,0.545,0.536,0.983,0.893,0.939,Fe,1,5750.0,4.5,0.0,20000,9,19
50,5263.9,5263.5,5264.1,0.838,0.838,0.814,0.838,0.323,0.537,Fe,1,5750.0,4.5,0.0,20000,27,54
259,5264.8,5264.6,5265.0,0.868,0.823,0.812,0.868,0.734,0.796,Fe,2,5750.0,4.5,0.0,20000,25,49
51,5265.9,5265.6,5266.3,0.629,0.899,0.787,0.13,0.629,0.317,Fe,1,5750.0,4.5,0.0,20000,44,86
52,5266.6,5266.2,5266.9,0.985,0.389,0.377,0.869,0.985,0.923,Fe,1,5750.0,4.5,0.0,20000,7,14
53,5267.3,5266.9,5267.7,0.948,0.856,0.851,0.911,0.948,0.926,Fe,1,5750.0,4.5,0.0,20000,31,60
54,5269.5,5269.1,5269.9,0.996,0.254,0.254,0.996,0.989,0.993,Fe,1,5750.0,4.5,0.0,20000,6,11
55,5270.4,5270.0,5270.8,0.941,0.365,0.298,0.828,0.941,0.875,Fe,1,5750.0,4.5,0.0,20000,7,13
56,5271.3,5270.9,5271.6,0.916,0.931,0.926,0.916,0.822,0.883,Fe,1,5750.0,4.5,0.0,20000,65,127
57,5272.3,5272.0,5272.5,0.757,0.885,0.868,0.509,0.757,0.609,Fe,1,5750.0,4.5,0.0,20000,39,76
58,5273.2,5272.8,5273.6,0.991,0.506,0.501,0.991,0.947,0.96,Fe,1,5750.0,4.5,0.0,20000,9,17
60,5280.4,5280.0,5280.6,0.774,0.71,0.682,0.774,0.691,0.739,Fe,1,5750.0,4.5,0.0,20000,15,30
61,5281.8,5281.4,5282.2,0.979,0.495,0.477,0.897,0.979,0.936,Fe,1,5750.0,4.5,0.0,20000,8,17
62,5283.6,5283.2,5284.0,0.881,0.451,0.433,0.841,0.881,0.861,Fe,1,5750.0,4.5,0.0,20000,8,15
260,5284.1,5283.9,5284.3,0.687,0.783,0.755,0.605,0.687,0.643,Fe,2,5750.0,4.5,0.0,20000,20,40
63,5284.4,5284.0,5284.8,0.948,0.87,0.858,0.333,0.948,0.547,Fe,1,5750.0,4.5,0.0,20000,34,67
64,5285.1,5284.9,5285.3,0.941,0.9,0.892,0.941,0.826,0.881,Fe,1,5750.0,4.5,0.0,20000,45,87
65,5288.5,5288.2,5288.8,0.962,0.744,0.741,0.962,0.924,0.944,Fe,1,5750.0,4.5,0.0,20000,17,34
66,5292.6,5292.3,5293.0,0.956,0.805,0.802,0.956,0.942,0.948,Fe,1,5750.0,4.5,0.0,20000,23,44
67,5294.0,5293.7,5294.3,0.953,0.812,0.806,0.952,0.953,0.953,Fe,1,5750.0,4.5,0.0,20000,23,46
68,5295.3,5295.1,5295.5,0.971,0.887,0.885,0.971,0.947,0.959,Fe,1,5750.0,4.5,0.0,20000,39,77
69,5298.8,5298.5,5299.0,0.93,0.812,0.799,0.473,0.93,0.642,Fe,1,5750.0,4.5,0.0,20000,23,46
70,5300.4,5300.2,5300.6,0.907,0.919,0.912,0.907,0.621,0.739,Fe,1,5750.0,4.5,0.0,20000,55,107
71,5302.3,5301.9,5302.7,0.969,0.523,0.518,0.956,0.969,0.962,Fe,1,5750.0,4.5,0.0,20000,9,18
72,5307.4,5307.1,5307.6,0.94,0.665,0.636,0.804,0.94,0.866,Fe,1,5750.0,4.5,0.0,20000,13,26
261,5316.6,5316.2,5317.0,0.987,0.544,0.541,0.987,0.938,0.955,Fe,2,5750.0,4.5,0.0,20000,9,19
75,5319.2,5318.9,5319.4,0.979,0.927,0.925,0.854,0.979,0.892,Fe,1,5750.0,4.5,0.0,20000,61,119
76,5320.0,5319.8,5320.2,0.932,0.904,0.895,0.622,0.932,0.738,Fe,1,5750.0,4.5,0.0,20000,46,90
77,5321.1,5320.9,5321.4,0.94,0.798,0.791,0.911,0.94,0.925,Fe,1,5750.0,4.5,0.0,20000,22,43
78,5322.0,5321.6,5322.3,0.989,0.728,0.727,0.928,0.989,0.95,Fe,1,5750.0,4.5,0.0,20000,16,32
79,5324.2,5323.8,5324.6,0.996,0.373,0.371,0.985,0.996,0.991,Fe,1,5750.0,4.5,0.0,20000,7,13
262,5325.6,5325.3,5325.8,0.846,0.827,0.813,0.724,0.846,0.78,Fe,2,5750.0,4.5,0.0,20000,26,50
80,5326.1,5325.9,5326.5,0.864,0.817,0.798,0.641,0.864,0.754,Fe,1,5750.0,4.5,0.0,20000,24,47
81,5326.8,5326.4,5327.2,0.962,0.824,0.821,0.912,0.962,0.938,Fe,1,5750.0,4.5,0.0,20000,25,49
82,5328.0,5327.6,5328.4,0.993,0.281,0.275,0.993,0.821,0.892,Fe,1,5750.0,4.5,0.0,20000,6,12
83,5328.5,5328.1,5328.9,0.873,0.436,0.388,0.793,0.873,0.819,Fe,1,5750.0,4.5,0.0,20000,7,15
84,5330.0,5329.6,5330.3,0.945,0.77,0.745,0.482,0.945,0.631,Fe,1,5750.0,4.5,0.0,20000,19,37
85,5332.9,5332.5,5333.2,0.982,0.631,0.627,0.923,0.982,0.947,Fe,1,5750.0,4.5,0.0,20000,12,23
263,5337.7,5337.5,5337.9,0.748,0.911,0.872,0.748,0.605,0.669,Fe,2,5750.0,4.5,0.0,20000,50,97
86,5339.9,5339.5,5340.3,0.964,0.497,0.496,0.959,0.964,0.962,Fe,1,5750.0,4.5,0.0,20000,8,17
87,5341.0,5340.6,5341.4,0.953,0.504,0.492,0.953,0.857,0.903,Fe,1,5750.0,4.5,0.0,20000,9,17
88,5349.7,5349.5,5350.0,0.891,0.813,0.787,0.392,0.891,0.544,Fe,1,5750.0,4.5,0.0,20000,24,46
89,5353.4,5353.1,5353.7,0.872,0.688,0.614,0.872,0.585,0.7,Fe,1,5750.0,4.5,0.0,20000,14,27
90,5361.6,5361.4,5361.9,0.925,0.841,0.826,0.809,0.925,0.863,Fe,1,5750.0,4.5,0.0,20000,28,54
264,5362.9,5362.6,5363.1,0.892,0.733,0.69,0.744,0.892,0.811,Fe,2,5750.0,4.5,0.0,20000,16,32
91,5364.9,5364.5,5365.3,0.984,0.543,0.541,0.966,0.984,0.976,Fe,1,5750.0,4.5,0.0,20000,9,19
92,5365.4,5365.0,5365.8,0.977,0.663,0.658,0.977,0.953,0.968,Fe,1,5750.0,4.5,0.0,20000,13,25
93,5367.5,5367.1,5367.9,0.984,0.492,0.484,0.956,0.984,0.969,Fe,1,5750.0,4.5,0.0,20000,8,17
94,5370.0,5369.6,5370.4,0.985,0.465,0.464,0.818,0.985,0.894,Fe,1,5750.0,4.5,0.0,20000,8,16
95,5371.5,5371.1,5371.9,0.974,0.288,0.276,0.923,0.974,0.948,Fe,1,5750.0,4.5,0.0,20000,6,12
96,5373.7,5373.4,5374.0,0.941,0.733,0.728,0.941,0.938,0.939,Fe,1,5750.0,4.5,0.0,20000,16,32
97,5379.6,5379.3,5379.8,0.962,0.762,0.758,0.962,0.943,0.953,Fe,1,5750.0,4.5,0.0,20000,18,36
98,5382.5,5382.2,5382.9,0.98,0.756,0.754,0.98,0.966,0.973,Fe,1,5750.0,4.5,0.0,20000,18,35
99,5383.4,5383.0,5383.8,0.987,0.438,0.437,0.98,0.987,0.984,Fe,1,5750.0,4.5,0.0,20000,8,15
100,5386.3,5386.1,5386.6,0.941,0.856,0.85,0.941,0.929,0.935,Fe,1,5750.0,4.5,0.0,20000,31,60
101,5387.5,5387.3,5387.7,0.73,0.916,0.866,0.73,0.466,0.569,Fe,1,5750.0,4.5,0.0,20000,53,103
102,5389.5,5389.1,5389.8,0.959,0.671,0.669,0.896,0.959,0.927,Fe,1,5750.0,4.5,0.0,20000,13,26
103,5391.5,5391.1,5391.9,0.944,0.711,0.69,0.826,0.944,0.881,Fe,1,5750.0,4.5,0.0,20000,15,29
104,5393.2,5392.8,5393.6,0.984,0.513,0.51,0.984,0.933,0.958,Fe,1,5750.0,4.5,0.0,20000,9,17
105,5397.1,5396.7,5397.5,0.987,0.367,0.364,0.979,0.987,0.983,Fe,1,5750.0,4.5,0.0,20000,7,13
106,5398.3,5397.9,5398.6,0.943,0.713,0.701,0.892,0.943,0.915,Fe,1,5750.0,4.5,0.0,20000,15,30
107,5400.5,5400.1,5400.9,0.941,0.593,0.542,0.941,0.819,0.871,Fe,1,5750.0,4.5,0.0,20000,11,21
108,5401.3,5401.0,5401.5,0.913,0.905,0.894,0.913,0.8,0.853,Fe,1,5750.0,4.5,0.0,20000,47,91
109,5403.4,5403.1,5403.8,0.967,0.926,0.924,0.967,0.946,0.95,Fe,1,5750.0,4.5,0.0,20000,60,116
110,5404.2,5403.7,5404.6,0.993,0.401,0.397,0.98,0.993,0.985,Fe,1,5750.0,4.5,0.0,20000,7,14
111,5405.8,5405.4,5406.2,0.998,0.362,0.361,0.998,0.974,0.986,Fe,1,5750.0,4.5,0.0,20000,7,13
112,5406.3,5405.9,5406.7,0.929,0.869,0.856,0.929,0.872,0.91,Fe,1,5750.0,4.5,0.0,20000,34,66
113,5406.8,5406.4,5407.0,0.908,0.876,0.87,0.88,0.908,0.889,Fe,1,5750.0,4.5,0.0,20000,36,69
114,5409.1,5408.9,5409.4,0.868,0.804,0.787,0.868,0.823,0.845,Fe,1,5750.0,4.5,0.0,20000,22,44
115,5410.9,5410.5,5411.3,0.976,0.512,0.51,0.976,0.834,0.899,Fe,1,5750.0,4.5,0.0,20000,9,17
265,5414.1,5413.9,5414.3,0.815,0.89,0.875,0.772,0.815,0.793,Fe,2,5750.0,4.5,0.0,20000,40,78
117,5415.2,5414.8,5415.6,0.991,0.448,0.447,0.991,0.991,0.991,Fe,1,5750.0,4.5,0.0,20000,8,15
118,5417.0,5416.8,5417.3,0.915,0.879,0.87,0.873,0.915,0.894,Fe,1,5750.0,4.5,0.0,20000,37,71
120,5424.1,5423.7,5424.5,0.973,0.461,0.459,0.973,0.933,0.953,Fe,1,5750.0,4.5,0.0,20000,8,16
266,5425.2,5425.0,5425.5,0.923,0.833,0.822,0.852,0.923,0.886,Fe,2,5750.0,4.5,0.0,20000,26,51
121,5428.7,5428.5,5429.1,0.846,0.929,0.915,0.846,0.615,0.684,Fe,1,5750.0,4.5,0.0,20000,63,121
122,5429.7,5429.3,5430.1,0.993,0.309,0.309,0.993,0.991,0.992,Fe,1,5750.0,4.5,0.0,20000,6,12
123,5432.9,5432.7,5433.4,0.859,0.751,0.727,0.758,0.859,0.817,Fe,1,5750.0,4.5,0.0,20000,18,34
124,5433.6,5433.5,5433.9,0.871,0.935,0.924,0.748,0.871,0.811,Fe,1,5750.0,4.5,0.0,20000,69,132
125,5434.5,5434.1,5434.9,0.988,0.425,0.423,0.988,0.983,0.986,Fe,1,5750.0,4.5,0.0,20000,7,15
126,5435.2,5434.8,5435.4,0.928,0.914,0.905,0.928,0.845,0.911,Fe,1,5750.0,4.5,0.0,20000,52,100
127,5436.3,5436.1,5436.7,0.954,0.849,0.843,0.906,0.954,0.943,Fe,1,5750.0,4.5,0.0,20000,29,57
128,5436.6,5436.2,5437.0,0.962,0.762,0.753,0.962,0.814,0.902,Fe,1,5750.0,4.5,0.0,20000,18,36
129,5437.1,5436.7,5437.3,0.871,0.888,0.867,0.735,0.871,0.78,Fe,1,5750.0,4.5,0.0,20000,40,77
130,5441.3,5441.1,5441.6,0.925,0.878,0.867,0.834,0.925,0.877,Fe,1,5750.0,4.5,0.0,20000,36,70
131,5445.0,5444.6,5445.4,0.956,0.591,0.589,0.939,0.956,0.948,Fe,1,5750.0,4.5,0.0,20000,11,21
132,5446.9,5446.5,5447.3,0.985,0.363,0.361,0.961,0.985,0.971,Fe,1,5750.0,4.5,0.0,20000,7,13
133,5448.3,5448.1,5448.5,0.897,0.911,0.903,0.897,0.831,0.863,Fe,1,5750.0,4.5,0.0,20000,50,96
134,5455.6,5455.2,5456.0,0.996,0.294,0.294,0.996,0.96,0.982,Fe,1,5750.0,4.5,0.0,20000,6,12
135,5461.5,5461.4,5461.7,0.902,0.921,0.915,0.898,0.902,0.9,Fe,1,5750.0,4.5,0.0,20000,56,109
136,5463.0,5462.6,5463.4,0.992,0.574,0.572,0.813,0.992,0.931,Fe,1,5750.0,4.5,0.0,20000,10,20
137,5463.3,5462.9,5463.7,0.993,0.561,0.558,0.993,0.958,0.982,Fe,1,5750.0,4.5,0.0,20000,10,19
138,5464.3,5464.0,5464.5,0.966,0.811,0.807,0.881,0.966,0.921,Fe,1,5750.0,4.5,0.0,20000,23,45
139,5466.4,5466.1,5466.8,0.95,0.707,0.701,0.94,0.95,0.945,Fe,1,5750.0,4.5,0.0,20000,15,29
140,5467.0,5466.6,5467.2,0.932,0.842,0.832,0.894,0.932,0.909,Fe,1,5750.0,4.5,0.0,20000,28,54
141,5469.3,5469.1,5469.4,0.71,0.932,0.901,0.71,0.589,0.646,Fe,1,5750.0,4.5,0.0,20000,66,126
142,5470.1,5469.9,5470.4,0.911,0.851,0.842,0.911,0.87,0.885,Fe,1,5750.0,4.5,0.0,20000,30,57
143,5472.7,5472.5,5473.1,0.894,0.836,0.807,0.709,0.894,0.807,Fe,1,5750.0,4.5,0.0,20000,27,52
144,5473.2,5472.8,5473.4,0.906,0.915,0.907,0.906,0.667,0.824,Fe,1,5750.0,4.5,0.0,20000,52,101
145,5473.9,5473.6,5474.2,0.91,0.688,0.685,0.91,0.864,0.886,Fe,1,5750.0,4.5,0.0,20000,14,27
146,5476.6,5476.2,5477.0,0.972,0.553,0.534,0.972,0.413,0.651,Fe,1,5750.0,4.5,0.0,20000,10,19
147,5478.5,5478.2,5478.7,0.737,0.878,0.822,0.525,0.737,0.613,Fe,1,5750.0,4.5,0.0,20000,36,70
148,5480.9,5480.6,5481.3,0.899,0.78,0.726,0.605,0.899,0.789,Fe,1,5750.0,4.5,0.0,20000,20,39
149,5481.2,5480.8,5481.7,0.887,0.719,0.669,0.887,0.816,0.848,Fe,1,5750.0,4.5,0.0,20000,16,30
150,5483.1,5482.9,5483.3,0.957,0.807,0.791,0.957,0.472,0.633,Fe,1,5750.0,4.5,0.0,20000,23,44
151,5487.1,5486.9,5487.6,0.93,0.855,0.848,0.916,0.93,0.925,Fe,1,5750.0,4.5,0.0,20000,31,59
152,5487.7,5487.3,5488.2,0.958,0.592,0.582,0.958,0.838,0.899,Fe,1,5750.0,4.5,0.0,20000,11,21
153,5491.8,5491.7,5492.0,0.783,0.94,0.93,0.765,0.783,0.774,Fe,1,5750.0,4.5,0.0,20000,74,143
156,5497.5,5497.1,5497.9,0.923,0.562,0.519,0.739,0.923,0.821,Fe,1,5750.0,4.5,0.0,20000,10,19
157,5498.4,5498.2,5498.6,0.853,0.938,0.931,0.846,0.853,0.85,Fe,1,5750.0,4.5,0.0,20000,72,138
158,5501.5,5501.1,5501.8,0.929,0.586,0.571,0.929,0.895,0.911,Fe,1,5750.0,4.5,0.0,20000,10,20
160,5506.8,5506.4,5507.2,0.973,0.549,0.547,0.905,0.973,0.938,Fe,1,5750.0,4.5,0.0,20000,9,19
161,5512.3,5512.0,5512.6,0.857,0.76,0.733,0.857,0.556,0.63,Fe,1,5750.0,4.5,0.0,20000,18,35
163,5522.4,5522.2,5522.7,0.971,0.828,0.825,0.935,0.971,0.953,Fe,1,5750.0,4.5,0.0,20000,26,49
165,5525.5,5525.2,5526.0,0.928,0.721,0.714,0.909,0.928,0.918,Fe,1,5750.0,4.5,0.0,20000,16,30
167,5532.1,5531.8,5532.2,0.671,0.938,0.913,0.671,0.448,0.614,Fe,1,5750.0,4.5,0.0,20000,72,138
168,5532.7,5532.5,5533.1,0.959,0.754,0.751,0.959,0.914,0.929,Fe,1,5750.0,4.5,0.0,20000,18,34
169,5534.7,5534.5,5534.8,0.765,0.92,0.871,0.765,0.262,0.402,Fe,1,5750.0,4.5,0.0,20000,56,106
267,5534.8,5534.6,5535.1,0.903,0.784,0.763,0.653,0.903,0.758,Fe,2,5750.0,4.5,0.0,20000,20,39
171,5538.5,5538.3,5538.7,0.922,0.844,0.838,0.902,0.922,0.912,Fe,1,5750.0,4.5,0.0,20000,28,54
172,5539.3,5539.1,5539.5,0.786,0.922,0.905,0.786,0.776,0.781,Fe,1,5750.0,4.5,0.0,20000,57,109
173,5543.1,5542.9,5543.4,0.982,0.747,0.742,0.982,0.924,0.953,Fe,1,5750.0,4.5,0.0,20000,17,33
174,5543.9,5543.7,5544.2,0.929,0.755,0.745,0.929,0.899,0.914,Fe,1,5750.0,4.5,0.0,20000,18,34
175,5546.5,5546.3,5546.9,0.954,0.812,0.807,0.954,0.933,0.942,Fe,1,5750.0,4.5,0.0,20000,23,45
176,5547.0,5546.6,5547.2,0.897,0.892,0.874,0.897,0.775,0.853,Fe,1,5750.0,4.5,0.0,20000,41,79
178,5553.6,5553.3,5553.8,0.855,0.84,0.797,0.855,0.575,0.688,Fe,1,5750.0,4.5,0.0,20000,28,53
179,5554.9,5554.5,5555.3,0.988,0.655,0.653,0.988,0.933,0.955,Fe,1,5750.0,4.5,0.0,20000,13,24
180,5557.9,5557.7,5558.2,0.96,0.733,0.725,0.924,0.96,0.948,Fe,1,5750.0,4.5,0.0,20000,16,31
181,5560.2,5559.8,5560.5,0.959,0.799,0.796,0.956,0.959,0.957,Fe,1,5750.0,4.5,0.0,20000,22,42
184,5562.7,5562.3,5563.1,0.945,0.708,0.699,0.896,0.945,0.918,Fe,1,5750.0,4.5,0.0,20000,15,29
185,5563.7,5563.3,5564.0,0.984,0.621,0.616,0.984,0.946,0.973,Fe,1,5750.0,4.5,0.0,20000,11,22
186,5565.7,5565.3,5566.1,0.898,0.648,0.636,0.686,0.898,0.791,Fe,1,5750.0,4.5,0.0,20000,12,24
187,5567.4,5567.0,5567.7,0.959,0.693,0.686,0.959,0.95,0.956,Fe,1,5750.0,4.5,0.0,20000,14,27
188,5568.8,5568.6,5569.2,0.937,0.943,0.941,0.937,0.757,0.817,Fe,1,5750.0,4.5,0.0,20000,78,149
189,5569.6,5569.2,5570.0,0.986,0.5,0.493,0.927,0.986,0.956,Fe,1,5750.0,4.5,0.0,20000,9,17
190,5572.8,5572.4,5573.3,0.996,0.44,0.437,0.897,0.996,0.951,Fe,1,5750.0,4.5,0.0,20000,8,15
191,5576.1,5575.7,5576.5,0.95,0.584,0.575,0.926,0.95,0.938,Fe,1,5750.0,4.5,0.0,20000,10,20
193,5584.8,5584.3,5585.0,0.757,0.854,0.83,0.757,0.733,0.748,Fe,1,5750.0,4.5,0.0,20000,30,58
194,5585.7,5585.5,5586.1,0.95,0.914,0.913,0.907,0.95,0.935,Fe,1,5750.0,4.5,0.0,20000,52,99
195,5586.3,5585.8,5586.7,0.997,0.827,0.825,0.96,0.997,0.989,Fe,1,5750.0,4.5,0.0,20000,26,49
196,5586.8,5586.3,5587.2,0.998,0.406,0.406,0.998,0.989,0.994,Fe,1,5750.0,4.5,0.0,20000,7,14
197,5587.6,5587.2,5587.8,0.928,0.854,0.841,0.928,0.42,0.639,Fe,1,5750.0,4.5,0.0,20000,30,58
198,5592.6,5592.2,5592.8,0.912,0.93,0.925,0.324,0.912,0.404,Fe,1,5750.0,4.5,0.0,20000,64,121
199,5594.7,5594.4,5595.1,0.794,0.73,0.614,0.282,0.794,0.435,Fe,1,5750.0,4.5,0.0,20000,16,31
200,5598.3,5598.0,5598.6,0.711,0.687,0.59,0.711,0.348,0.455,Fe,1,5750.0,4.5,0.0,20000,14,27
201,5600.2,5599.9,5600.5,0.954,0.78,0.749,0.614,0.954,0.703,Fe,1,5750.0,4.5,0.0,20000,20,38
202,5602.9,5602.5,5603.4,0.893,0.496,0.388,0.827,0.893,0.849,Fe,1,5750.0,4.5,0.0,20000,8,16
205,5615.6,5615.2,5616.1,0.997,0.371,0.37,0.997,0.985,0.992,Fe,1,5750.0,4.5,0.0,20000,7,13
206,5617.2,5616.9,5617.4,0.964,0.882,0.878,0.964,0.947,0.956,Fe,1,5750.0,4.5,0.0,20000,38,71
207,5618.6,5618.4,5618.9,0.977,0.791,0.79,0.977,0.971,0.974,Fe,1,5750.0,4.5,0.0,20000,21,40
208,5619.2,5619.1,5619.6,0.926,0.935,0.931,0.926,0.887,0.895,Fe,1,5750.0,4.5,0.0,20000,69,130
209,5619.6,5619.2,5620.0,0.899,0.882,0.866,0.899,0.804,0.853,Fe,1,5750.0,4.5,0.0,20000,38,71
210,5620.5,5620.1,5620.7,0.971,0.806,0.802,0.971,0.929,0.955,Fe,1,5750.0,4.5,0.0,20000,23,43
211,5624.0,5623.8,5624.4,0.968,0.837,0.831,0.968,0.902,0.919,Fe,1,5750.0,4.5,0.0,20000,27,52
212,5624.5,5624.1,5625.0,0.932,0.555,0.548,0.932,0.921,0.927,Fe,1,5750.0,4.5,0.0,20000,10,19
214,5633.9,5633.7,5634.2,0.933,0.743,0.736,0.91,0.933,0.922,Fe,1,5750.0,4.5,0.0,20000,17,32
215,5635.8,5635.6,5636.0,0.953,0.893,0.89,0.953,0.885,0.917,Fe,1,5750.0,4.5,0.0,20000,42,79
216,5636.7,5636.5,5637.1,0.936,0.912,0.91,0.936,0.644,0.716,Fe,1,5750.0,4.5,0.0,20000,51,96
218,5638.3,5638.0,5638.6,0.965,0.697,0.686,0.922,0.965,0.943,Fe,1,5750.0,4.5,0.0,20000,14,27
220,5641.4,5641.2,5641.7,0.902,0.755,0.754,0.901,0.902,0.901,Fe,1,5750.0,4.5,0.0,20000,18,34
223,5649.6,5649.5,5650.1,0.608,0.943,0.853,0.436,0.608,0.572,Fe,1,5750.0,4.5,0.0,20000,78,148
224,5650.0,5649.6,5650.2,0.973,0.867,0.863,0.525,0.973,0.635,Fe,1,5750.0,4.5,0.0,20000,33,63
225,5650.7,5650.5,5650.9,0.953,0.873,0.863,0.766,0.953,0.849,Fe,1,5750.0,4.5,0.0,20000,35,66
226,5651.5,5651.3,5651.6,0.982,0.938,0.937,0.981,0.982,0.982,Fe,1,5750.0,4.5,0.0,20000,72,136
227,5652.3,5652.1,5652.5,0.985,0.904,0.903,0.981,0.985,0.983,Fe,1,5750.0,4.5,0.0,20000,46,88
228,5653.9,5653.7,5654.1,0.981,0.873,0.872,0.981,0.974,0.977,Fe,1,5750.0,4.5,0.0,20000,35,66
229,5655.2,5654.9,5655.6,0.995,0.802,0.797,0.731,0.995,0.919,Fe,1,5750.0,4.5,0.0,20000,22,42
230,5655.5,5655.1,5655.8,0.989,0.719,0.718,0.977,0.989,0.981,Fe,1,5750.0,4.5,0.0,20000,16,30
231,5658.8,5658.4,5659.2,0.952,0.477,0.476,0.944,0.952,0.946,Fe,1,5750.0,4.5,0.0,20000,8,16
232,5660.8,5660.6,5661.2,0.904,0.938,0.919,0.439,0.904,0.733,Fe,1,5750.0,4.5,0.0,20000,72,136
233,5661.3,5660.9,5661.6,0.966,0.89,0.887,0.966,0.955,0.963,Fe,1,5750.0,4.5,0.0,20000,40,76
234,5662.5,5662.1,5662.9,0.852,0.643,0.642,0.731,0.852,0.796,Fe,1,5750.0,4.5,0.0,20000,12,23
235,5662.9,5662.5,5663.2,0.853,0.83,0.761,0.853,0.756,0.83,Fe,1,5750.0,4.5,0.0,20000,26,49
238,5679.0,5678.8,5679.3,0.995,0.776,0.775,0.995,0.995,0.995,Fe,1,5750.0,4.5,0.0,20000,20,37
239,5686.5,5686.1,5686.9,0.991,0.689,0.688,0.991,0.875,0.933,Fe,1,5750.0,4.5,0.0,20000,14,27
240,5691.5,5691.3,5691.7,0.969,0.842,0.837,0.949,0.969,0.959,Fe,1,5750.0,4.5,0.0,20000,28,53
241,5696.1,5695.9,5696.3,0.967,0.925,0.923,0.945,0.967,0.957,Fe,1,5750.0,4.5,0.0,20000,60,112
243,5701.5,5701.2,5701.9,0.966,0.677,0.672,0.88,0.966,0.92,Fe,1,5750.0,4.5,0.0,20000,13,26
244,5702.3,5702.2,5702.6,0.635,0.908,0.852,0.44,0.635,0.547,Fe,1,5750.0,4.5,0.0,20000,48,91
245,5704.7,5704.6,5704.9,0.984,0.942,0.941,0.984,0.971,0.977,Fe,1,5750.0,4.5,0.0,20000,77,145
246,5705.5,5705.2,5705.9,0.988,0.823,0.822,0.985,0.988,0.987,Fe,1,5750.0,4.5,0.0,20000,25,47
247,5706.0,5705.6,5706.3,0.986,0.706,0.7,0.986,0.911,0.95,Fe,1,5750.0,4.5,0.0,20000,15,28
248,5707.0,5706.8,5707.3,0.797,0.879,0.828,0.562,0.797,0.67,Fe,1,5750.0,4.5,0.0,20000,37,69
249,5708.1,5707.9,5708.3,0.901,0.868,0.844,0.901,0.426,0.578,Fe,1,5750.0,4.5,0.0,20000,34,63
250,5709.4,5709.0,5709.8,0.91,0.597,0.53,0.91,0.513,0.655,Fe,1,5750.0,4.5,0.0,20000,11,20
251,5711.8,5711.6,5712.3,0.735,0.814,0.668,0.592,0.735,0.696,Fe,1,5750.0,4.5,0.0,20000,24,45
252,5712.1,5711.7,5712.4,0.95,0.776,0.759,0.643,0.95,0.71,Fe,1,5750.0,4.5,0.0,20000,20,37
253,5715.1,5714.8,5715.4,0.805,0.759,0.697,0.742,0.805,0.772,Fe,1,5750.0,4.5,0.0,20000,18,34
254,5717.8,5717.6,5718.1,0.995,0.757,0.756,0.995,0.972,0.983,Fe,1,5750.0,4.5,0.0,20000,18,34
0,6102.2,6101.9,6102.5,0.965,0.748,0.742,0.965,0.785,0.867,Fe,1,5750.0,4.5,0.0,20000,17,32
1,6103.2,6102.9,6103.6,0.945,0.689,0.682,0.693,0.945,0.831,Fe,1,5750.0,4.5,0.0,20000,14,26
3,6127.9,6127.7,6128.2,0.982,0.807,0.806,0.982,0.972,0.977,Fe,1,5750.0,4.5,0.0,20000,23,42
5,6136.6,6136.2,6137.1,0.996,0.533,0.532,0.994,0.996,0.995,Fe,1,5750.0,4.5,0.0,20000,9,17
6,6137.0,6136.5,6137.5,0.997,0.726,0.724,0.997,0.991,0.995,Fe,1,5750.0,4.5,0.0,20000,16,29
7,6137.7,6137.2,6138.2,0.997,0.53,0.529,0.997,0.992,0.995,Fe,1,5750.0,4.5,0.0,20000,9,17
8,6141.7,6141.4,6142.0,0.688,0.716,0.598,0.618,0.688,0.651,Fe,1,5750.0,4.5,0.0,20000,15,28
9,6145.4,6145.2,6145.6,0.926,0.91,0.907,0.839,0.926,0.881,Fe,1,5750.0,4.5,0.0,20000,50,90
144,6147.7,6147.5,6147.9,0.694,0.872,0.776,0.694,0.368,0.481,Fe,2,5750.0,4.5,0.0,20000,35,63
10,6147.8,6147.6,6148.1,0.797,0.839,0.766,0.477,0.797,0.597,Fe,1,5750.0,4.5,0.0,20000,27,50
145,6149.2,6149.0,6149.5,0.964,0.874,0.871,0.964,0.955,0.959,Fe,2,5750.0,4.5,0.0,20000,35,64
11,6151.6,6151.4,6151.9,0.987,0.798,0.796,0.987,0.976,0.982,Fe,1,5750.0,4.5,0.0,20000,22,40
12,6157.7,6157.4,6158.0,0.961,0.745,0.74,0.952,0.961,0.956,Fe,1,5750.0,4.5,0.0,20000,17,31
15,6165.4,6165.1,6165.6,0.96,0.821,0.817,0.95,0.96,0.955,Fe,1,5750.0,4.5,0.0,20000,25,45
16,6170.5,6170.2,6171.0,0.883,0.738,0.71,0.883,0.857,0.869,Fe,1,5750.0,4.5,0.0,20000,17,30
17,6173.3,6173.1,6173.6,0.97,0.737,0.734,0.97,0.957,0.964,Fe,1,5750.0,4.5,0.0,20000,17,30
18,6180.2,6179.7,6180.5,0.942,0.772,0.764,0.851,0.942,0.891,Fe,1,5750.0,4.5,0.0,20000,19,35
19,6183.6,6183.4,6183.7,0.924,0.924,0.921,0.924,0.908,0.916,Fe,1,5750.0,4.5,0.0,20000,59,106
20,6188.0,6187.7,6188.2,0.989,0.804,0.802,0.967,0.989,0.978,Fe,1,5750.0,4.5,0.0,20000,22,41
21,6191.6,6191.1,6192.0,0.96,0.532,0.529,0.596,0.96,0.735,Fe,1,5750.0,4.5,0.0,20000,9,17
22,6200.3,6200.0,6200.6,0.991,0.727,0.726,0.991,0.99,0.99,Fe,1,5750.0,4.5,0.0,20000,16,29
24,6213.4,6213.1,6213.7,0.989,0.675,0.675,0.989,0.987,0.988,Fe,1,5750.0,4.5,0.0,20000,13,24
25,6215.1,6214.9,6215.6,0.866,0.783,0.741,0.852,0.866,0.862,Fe,1,5750.0,4.5,0.0,20000,20,37
26,6215.4,6215.0,6215.7,0.963,0.806,0.791,0.839,0.963,0.866,Fe,1,5750.0,4.5,0.0,20000,23,41
27,6216.4,6216.2,6216.6,0.672,0.905,0.86,0.672,0.672,0.672,Fe,1,5750.0,4.5,0.0,20000,47,84
28,6219.3,6219.0,6219.6,0.988,0.66,0.658,0.988,0.973,0.98,Fe,1,5750.0,4.5,0.0,20000,13,23
29,6220.8,6220.6,6221.0,0.968,0.875,0.872,0.852,0.968,0.907,Fe,1,5750.0,4.5,0.0,20000,36,64
30,6226.7,6226.5,6226.9,0.985,0.886,0.883,0.957,0.985,0.971,Fe,1,5750.0,4.5,0.0,20000,39,70
31,6229.2,6229.0,6229.5,0.958,0.828,0.818,0.958,0.879,0.917,Fe,1,5750.0,4.5,0.0,20000,26,46
32,6230.7,6230.3,6231.2,0.968,0.528,0.516,0.968,0.877,0.92,Fe,1,5750.0,4.5,0.0,20000,9,17
33,6232.6,6232.3,6233.0,0.988,0.681,0.678,0.923,0.988,0.955,Fe,1,5750.0,4.5,0.0,20000,14,25
146,6238.4,6238.2,6238.6,0.832,0.838,0.798,0.63,0.832,0.717,Fe,2,5750.0,4.5,0.0,20000,27,49
35,6240.3,6240.1,6240.8,0.987,0.917,0.913,0.845,0.987,0.963,Fe,1,5750.0,4.5,0.0,20000,54,97
36,6240.6,6240.2,6240.9,0.995,0.794,0.793,0.964,0.995,0.975,Fe,1,5750.0,4.5,0.0,20000,21,39
37,6246.3,6245.8,6246.8,0.985,0.589,0.588,0.974,0.985,0.98,Fe,1,5750.0,4.5,0.0,20000,10,19
147,6247.6,6247.3,6247.8,0.964,0.811,0.806,0.842,0.964,0.897,Fe,2,5750.0,4.5,0.0,20000,23,42
38,6252.6,6252.2,6253.0,0.996,0.578,0.577,0.996,0.996,0.996,Fe,1,5750.0,4.5,0.0,20000,10,19
39,6253.8,6253.6,6254.3,0.643,0.883,0.864,0.619,0.643,0.638,Fe,1,5750.0,4.5,0.0,20000,38,68
40,6254.3,6253.8,6254.6,0.807,0.677,0.587,0.629,0.807,0.691,Fe,1,5750.0,4.5,0.0,20000,13,24
41,6256.4,6256.1,6256.6,0.905,0.699,0.67,0.882,0.905,0.893,Fe,1,5750.0,4.5,0.0,20000,14,26
43,6265.1,6264.8,6265.6,0.965,0.674,0.67,0.962,0.965,0.964,Fe,1,5750.0,4.5,0.0,20000,13,24
45,6270.2,6270.0,6270.5,0.977,0.773,0.769,0.911,0.977,0.943,Fe,1,5750.0,4.5,0.0,20000,19,35
46,6271.3,6271.1,6271.5,0.979,0.893,0.891,0.979,0.936,0.957,Fe,1,5750.0,4.5,0.0,20000,42,75
52,6297.8,6297.5,6298.1,0.986,0.714,0.709,0.986,0.951,0.968,Fe,1,5750.0,4.5,0.0,20000,15,28
53,6301.5,6301.0,6302.0,0.992,0.588,0.586,0.992,0.973,0.982,Fe,1,5750.0,4.5,0.0,20000,10,19
54,6302.5,6302.0,6302.9,0.988,0.64,0.639,0.983,0.988,0.986,Fe,1,5750.0,4.5,0.0,20000,12,22
56,6311.5,6311.3,6311.7,0.943,0.884,0.881,0.909,0.943,0.926,Fe,1,5750.0,4.5,0.0,20000,38,69
57,6315.3,6314.9,6315.8,0.973,0.697,0.695,0.858,0.973,0.928,Fe,1,5750.0,4.5,0.0,20000,14,26
58,6315.8,6315.3,6316.0,0.969,0.834,0.828,0.969,0.964,0.968,Fe,1,5750.0,4.5,0.0,20000,27,48
59,6318.0,6317.6,6318.4,0.976,0.601,0.597,0.976,0.966,0.971,Fe,1,5750.0,4.5,0.0,20000,11,20
60,6322.7,6322.4,6323.0,0.977,0.722,0.72,0.972,0.977,0.975,Fe,1,5750.0,4.5,0.0,20000,16,28
62,6335.3,6335.0,6335.7,0.998,0.622,0.622,0.998,0.988,0.993,Fe,1,5750.0,4.5,0.0,20000,11,21
63,6336.8,6336.4,6337.2,0.986,0.618,0.616,0.986,0.97,0.978,Fe,1,5750.0,4.5,0.0,20000,11,20
64,6338.9,6338.6,6339.1,0.955,0.835,0.818,0.955,0.478,0.637,Fe,1,5750.0,4.5,0.0,20000,27,48
69,6362.9,6362.7,6363.1,0.811,0.846,0.809,0.75,0.811,0.78,Fe,1,5750.0,4.5,0.0,20000,29,51
72,6380.7,6380.5,6381.0,0.958,0.81,0.805,0.958,0.93,0.944,Fe,1,5750.0,4.5,0.0,20000,23,41
74,6393.6,6393.1,6394.1,0.979,0.536,0.535,0.979,0.97,0.975,Fe,1,5750.0,4.5,0.0,20000,9,17
75,6400.0,6399.5,6400.5,0.999,0.49,0.49,0.991,0.999,0.996,Fe,1,5750.0,4.5,0.0,20000,8,15
76,6408.0,6407.6,6408.4,0.968,0.646,0.643,0.968,0.924,0.945,Fe,1,5750.0,4.5,0.0,20000,12,22
77,6411.6,6411.2,6412.1,0.994,0.564,0.563,0.993,0.994,0.994,Fe,1,5750.0,4.5,0.0,20000,10,18
78,6416.9,6416.7,6417.2,0.768,0.861,0.814,0.7,0.768,0.732,Fe,1,5750.0,4.5,0.0,20000,32,57
149,6416.9,6416.7,6417.1,0.649,0.879,0.814,0.649,0.596,0.621,Fe,2,5750.0,4.5,0.0,20000,37,65
79,6419.9,6419.5,6420.3,0.982,0.68,0.678,0.968,0.982,0.974,Fe,1,5750.0,4.5,0.0,20000,14,24
80,6421.4,6421.0,6421.7,0.978,0.609,0.59,0.978,0.793,0.876,Fe,1,5750.0,4.5,0.0,20000,11,20
81,6430.8,6430.5,6431.2,0.987,0.59,0.587,0.899,0.987,0.941,Fe,1,5750.0,4.5,0.0,20000,10,19
150,6432.7,6432.4,6432.9,0.987,0.837,0.836,0.987,0.986,0.987,Fe,2,5750.0,4.5,0.0,20000,27,48
151,6456.4,6456.1,6456.6,0.985,0.776,0.774,0.985,0.967,0.976,Fe,2,5750.0,4.5,0.0,20000,20,35
83,6462.7,6462.4,6463.0,0.716,0.693,0.529,0.295,0.716,0.418,Fe,1,5750.0,4.5,0.0,20000,14,25
84,6469.1,6468.9,6469.5,0.98,0.782,0.781,0.967,0.98,0.976,Fe,1,5750.0,4.5,0.0,20000,20,36
86,6481.9,6481.6,6482.1,0.986,0.758,0.755,0.986,0.925,0.955,Fe,1,5750.0,4.5,0.0,20000,18,32
88,6494.5,6494.3,6495.0,0.97,0.892,0.883,0.842,0.97,0.953,Fe,1,5750.0,4.5,0.0,20000,41,73
89,6495.0,6494.5,6495.5,0.987,0.497,0.496,0.969,0.987,0.978,Fe,1,5750.0,4.5,0.0,20000,8,15
90,6495.7,6495.3,6496.0,0.97,0.814,0.81,0.929,0.97,0.945,Fe,1,5750.0,4.5,0.0,20000,24,42
91,6496.5,6496.2,6496.8,0.971,0.754,0.749,0.971,0.759,0.853,Fe,1,5750.0,4.5,0.0,20000,18,32
92,6498.9,6498.7,6499.2,0.868,0.822,0.792,0.868,0.71,0.782,Fe,1,5750.0,4.5,0.0,20000,25,44
152,6516.1,6515.8,6516.3,0.959,0.795,0.788,0.902,0.959,0.93,Fe,2,5750.0,4.5,0.0,20000,21,38
98,6546.2,6545.9,6546.6,0.914,0.607,0.598,0.896,0.914,0.905,Fe,1,5750.0,4.5,0.0,20000,11,20
100,6569.2,6568.9,6569.5,0.733,0.719,0.689,0.707,0.733,0.72,Fe,1,5750.0,4.5,0.0,20000,16,27
103,6581.2,6581.0,6581.4,0.788,0.912,0.896,0.731,0.788,0.759,Fe,1,5750.0,4.5,0.0,20000,51,89
106,6597.6,6597.3,6597.8,0.935,0.836,0.829,0.911,0.935,0.923,Fe,1,5750.0,4.5,0.0,20000,27,47
107,6608.0,6607.8,6608.2,0.953,0.919,0.916,0.937,0.953,0.945,Fe,1,5750.0,4.5,0.0,20000,55,96
108,6609.1,6608.8,6609.4,0.974,0.748,0.746,0.965,0.974,0.969,Fe,1,5750.0,4.5,0.0,20000,17,31
110,6625.0,6624.9,6625.2,0.879,0.935,0.929,0.78,0.879,0.827,Fe,1,5750.0,4.5,0.0,20000,69,120
111,6627.5,6627.3,6627.7,0.951,0.902,0.9,0.951,0.932,0.941,Fe,1,5750.0,4.5,0.0,20000,45,79
112,6632.0,6631.8,6632.2,0.854,0.918,0.902,0.696,0.854,0.767,Fe,1,5750.0,4.5,0.0,20000,54,95
115,6639.9,6639.5,6640.0,0.872,0.913,0.902,0.872,0.827,0.863,Fe,1,5750.0,4.5,0.0,20000,51,89
116,6653.9,6653.7,6654.0,0.967,0.935,0.934,0.967,0.966,0.967,Fe,1,5750.0,4.5,0.0,20000,69,120
117,6663.4,6663.0,6663.7,0.977,0.674,0.671,0.958,0.977,0.964,Fe,1,5750.0,4.5,0.0,20000,13,23
120,6678.0,6677.5,6678.4,0.971,0.569,0.566,0.971,0.96,0.966,Fe,1,5750.0,4.5,0.0,20000,10,18
122,6696.3,6696.2,6696.5,0.79,0.946,0.927,0.487,0.79,0.6,Fe,1,5750.0,4.5,0.0,20000,83,144
123,6703.6,6703.3,6703.8,0.956,0.854,0.849,0.956,0.954,0.955,Fe,1,5750.0,4.5,0.0,20000,30,53
130,6715.4,6715.2,6715.6,0.851,0.903,0.887,0.851,0.792,0.82,Fe,1,5750.0,4.5,0.0,20000,46,80
139,6750.2,6749.9,6750.4,0.994,0.722,0.721,0.994,0.988,0.991,Fe,1,5750.0,4.5,0.0,20000,16,27
140,6752.7,6752.5,6752.9,0.977,0.851,0.85,0.966,0.977,0.971,Fe,1,5750.0,4.5,0.0,20000,30,51
